<?xml version="1.0" encoding="UTF-8"?>
<project-private xmlns="http://www.netbeans.org/ns/project-private/1">
    <editor-bookmarks xmlns="http://www.netbeans.org/ns/editor-bookmarks/2" lastBookmarkId="0"/>
    <open-files xmlns="http://www.netbeans.org/ns/projectui-open-files/2">
        <group>
            <file>file:/C:/Users/pedri/Documents/NetBeansProjects/Tacebook2/Tacebook2/src/controller/InitMenuController.java</file>
            <file>file:/C:/Users/pedri/Documents/NetBeansProjects/Tacebook2/Tacebook2/src/view/InitMenuGUIView.java</file>
            <file>file:/C:/Users/pedri/Documents/NetBeansProjects/Tacebook2/Tacebook2/src/persistence/PersistenceException.java</file>
            <file>file:/C:/Users/pedri/Documents/NetBeansProjects/Tacebook2/Tacebook2/src/view/ViewInterface.java</file>
            <file>file:/C:/Users/pedri/Documents/NetBeansProjects/Tacebook2/Tacebook2/src/view/InitMenuView.java</file>
            <file>file:/C:/Users/pedri/Documents/NetBeansProjects/Tacebook2/Tacebook2/src/view/ProfileView.java</file>
            <file>file:/C:/Users/pedri/Documents/NetBeansProjects/Tacebook2/Tacebook2/src/controller/ProfileController.java</file>
            <file>file:/C:/Users/pedri/Documents/NetBeansProjects/Tacebook2/Tacebook2/src/persistence/ProfileDB.java</file>
            <file>file:/C:/Users/pedri/Documents/NetBeansProjects/Tacebook2/Tacebook2/src/persistence/TacebookDB.java</file>
        </group>
    </open-files>
</project-private>
